{"photo_sizes":{"medium":{"h":1200,"w":600,"resize":"fit"},"small":{"h":480,"w":340,"resize":"fit"},"large":{"h":2048,"w":1024,"resize":"fit"},"thumb":{"h":150,"w":150,"resize":"crop"}},"non_username_paths":["about","account","accounts","activity","all","announcements","anywhere","api_rules","api_terms","apirules","apps","auth","badges","blog","business","buttons","contacts","devices","direct_messages","download","downloads","edit_announcements","faq","favorites","find_sources","find_users","followers","following","friend_request","friendrequest","friends","goodies","help","home","im_account","inbox","invitations","invite","jobs","list","login","logout","me","mentions","messages","mockview","newtwitter","notifications","nudge","oauth","phoenix_search","positions","privacy","public_timeline","related_tweets","replies","retweeted_of_mine","retweets","retweets_by_others","rules","saved_searches","search","sent","settings","share","signup","signin","similar_to","statistics","terms","tos","translate","trends","tweetbutton","twttr","update_discoverability","users","welcome","who_to_follow","widgets","zendesk_auth","media_signup","t1_qunit_tests","phoenix_qunit_tests"],"photo_size_limit":3145728,"max_media_per_upload":1,"short_url_length":19,"short_url_length_https":20,"characters_reserved_per_media":20}