[{"uri":"\/pengwynn\/rubyists","name":"Rubyists","full_name":"@pengwynn\/rubyists","description":"","mode":"public","user":{"id":14100886,"profile_background_image_url_https":"https:\/\/si0.twimg.com\/images\/themes\/theme1\/bg.png","time_zone":"Central Time (US & Canada)","location":"Denton, TX","profile_background_image_url":"http:\/\/a0.twimg.com\/images\/themes\/theme1\/bg.png","id_str":"14100886","profile_link_color":"0084B4","geo_enabled":true,"default_profile":false,"profile_image_url":"http:\/\/a0.twimg.com\/profile_images\/2221455972\/wynn-mic-bw_normal.jpg","utc_offset":-21600,"profile_use_background_image":false,"statuses_count":7384,"name":"Wynn Netherland","follow_request_sent":false,"profile_text_color":"333333","lang":"en","screen_name":"pengwynn","listed_count":397,"protected":false,"is_translator":false,"followers_count":6182,"profile_sidebar_border_color":"FFFFFF","description":"Christian, husband, father, GitHubber, Co-host of @thechangelog, Co-author of Sass, Compass, #CSS book  http:\/\/wynn.fm\/sass-meap","profile_image_url_https":"https:\/\/si0.twimg.com\/profile_images\/2221455972\/wynn-mic-bw_normal.jpg","profile_background_tile":false,"following":true,"profile_sidebar_fill_color":"DDEEF6","default_profile_image":false,"url":"http:\/\/wynnnetherland.com","profile_banner_url":"https:\/\/si0.twimg.com\/profile_banners\/14100886\/1347987369","favourites_count":338,"created_at":"Sat Mar 08 16:34:22 +0000 2008","friends_count":3528,"verified":false,"notifications":false,"profile_background_color":"292929","contributors_enabled":false},"following":true,"created_at":"Fri Oct 30 14:39:25 +0000 2009","member_count":499,"id_str":"1129440","subscriber_count":39,"slug":"rubyists","id":1129440}]