{"profile_background_color":"efefef","listed_count":201,"lang":"en","verified":false,"profile_background_image_url":"http:\/\/a1.twimg.com\/profile_background_images\/61741268\/twitter-small.png","created_at":"Sat Mar 08 16:34:22 +0000 2008","description":"Christian husband and father. Dev Experience @ HP Cloud Services. Co-host of the @changelogshow. Mashup of design & development.","screen_name":"pengwynn","status":{"in_reply_to_user_id_str":null,"text":"Flatstache is to Mustache what Zepto is to jQuery, from @natevw http:\/\/t.co\/gOjxJ1E","coordinates":null,"retweeted":false,"retweet_count":0,"created_at":"Sun Jan 16 21:01:10 +0000 2011","in_reply_to_user_id":null,"place":null,"source":"\u003Ca href=\"http:\/\/itunes.apple.com\/us\/app\/twitter\/id409789998?mt=12\" rel=\"nofollow\"\u003ETwitter for Mac\u003C\/a\u003E","in_reply_to_status_id":null,"truncated":false,"favorited":false,"in_reply_to_status_id_str":null,"id_str":"26745802235842561","geo":null,"id":26745802235842561,"contributors":null,"in_reply_to_screen_name":null},"url":"http:\/\/wynnnetherland.com","is_translator":false,"show_all_inline_media":false,"geo_enabled":true,"profile_text_color":"666666","followers_count":2902,"contributors_enabled":false,"following":true,"favourites_count":67,"profile_sidebar_fill_color":"dddddd","location":"Dallas, TX","profile_background_tile":false,"time_zone":"Central Time (US & Canada)","profile_link_color":"35abe9","protected":false,"follow_request_sent":false,"statuses_count":4160,"profile_sidebar_border_color":"cccccc","name":"Wynn Netherland","id_str":"14100886","friends_count":1710,"id":14100886,"notifications":false,"profile_use_background_image":true,"utc_offset":-21600,"profile_image_url":"http:\/\/a0.twimg.com\/profile_images\/1180321093\/komikazee_normal.png"}