{"country_code":"US","place_type":"poi","url":"http:\/\/api.twitter.com\/1\/geo\/id\/247f43d441defc03.json","polylines":[],"country":"The United States of America","geometry":{"type":"Point","coordinates":[-122.400612831116,37.7821120598956]},"bounding_box":{"type":"Polygon","coordinates":[[[-122.400612831116,37.7821120598956],[-122.400612831116,37.7821120598956],[-122.400612831116,37.7821120598956],[-122.400612831116,37.7821120598956]]]},"attributes":{"street_address":"795 Folsom St","twitter":"twitter","623:id":"210176"},"full_name":"Twitter HQ, San Francisco","name":"Twitter HQ","id":"247f43d441defc03","contained_within":[{"country_code":"US","place_type":"city","url":"http:\/\/api.twitter.com\/1\/geo\/id\/5a110d312052166f.json","country":"The United States of America","bounding_box":{"type":"Polygon","coordinates":[[[-122.51368188,37.70813196],[-122.35845384,37.70813196],[-122.35845384,37.83245301],[-122.51368188,37.83245301]]]},"attributes":{},"full_name":"San Francisco, CA","name":"San Francisco","id":"5a110d312052166f"}]}