{"result":{"places":[{"place_type":"neighborhood","country_code":"US","url":"http:\/\/api.twitter.com\/1\/geo\/id\/be3e44a1ee8f48a6.json","country":"The United States of America","attributes":{},"bounding_box":{"type":"Polygon","coordinates":[[[-122.435982,37.73113101],[-122.40388116,37.73113101],[-122.40388116,37.74942999],[-122.435982,37.74942999]]]},"full_name":"Bernal Heights, San Francisco","name":"Bernal Heights","contained_within":[{"country_code":"US","place_type":"city","url":"http:\/\/api.twitter.com\/1\/geo\/id\/5a110d312052166f.json","country":"The United States of America","bounding_box":{"type":"Polygon","coordinates":[[[-122.51368188,37.70813196],[-122.35845384,37.70813196],[-122.35845384,37.83245301],[-122.51368188,37.83245301]]]},"attributes":{},"full_name":"San Francisco, CA","name":"San Francisco","id":"5a110d312052166f"}],"id":"be3e44a1ee8f48a6"},{"place_type":"neighborhood","country_code":"US","url":"http:\/\/api.twitter.com\/1\/geo\/id\/597463acf7f062a9.json","country":"The United States of America","attributes":{},"bounding_box":{"type":"Polygon","coordinates":[[[-122.42288196,37.74303],[-122.408946,37.74303],[-122.408946,37.77052896],[-122.42288196,37.77052896]]]},"full_name":"Mission, San Francisco","name":"Mission","contained_within":[{"country_code":"US","place_type":"city","url":"http:\/\/api.twitter.com\/1\/geo\/id\/5a110d312052166f.json","country":"The United States of America","bounding_box":{"type":"Polygon","coordinates":[[[-122.51368188,37.70813196],[-122.35845384,37.70813196],[-122.35845384,37.83245301],[-122.51368188,37.83245301]]]},"attributes":{},"full_name":"San Francisco, CA","name":"San Francisco","id":"5a110d312052166f"}],"id":"597463acf7f062a9"},{"place_type":"neighborhood","country_code":"US","url":"http:\/\/api.twitter.com\/1\/geo\/id\/41bcb736f84a799e.json","country":"The United States of America","attributes":{},"bounding_box":{"type":"Polygon","coordinates":[[[-122.40618084,37.76405301],[-122.38151184,37.76405301],[-122.38151184,37.78199199],[-122.40618084,37.78199199]]]},"full_name":"Mission Bay, San Francisco","name":"Mission Bay","contained_within":[{"country_code":"US","place_type":"city","url":"http:\/\/api.twitter.com\/1\/geo\/id\/5a110d312052166f.json","country":"The United States of America","bounding_box":{"type":"Polygon","coordinates":[[[-122.51368188,37.70813196],[-122.35845384,37.70813196],[-122.35845384,37.83245301],[-122.51368188,37.83245301]]]},"attributes":{},"full_name":"San Francisco, CA","name":"San Francisco","id":"5a110d312052166f"}],"id":"41bcb736f84a799e"},{"place_type":"city","country_code":"US","url":"http:\/\/api.twitter.com\/1\/geo\/id\/5a110d312052166f.json","country":"The United States of America","attributes":{},"bounding_box":{"type":"Polygon","coordinates":[[[-122.51368188,37.70813196],[-122.35845384,37.70813196],[-122.35845384,37.83245301],[-122.51368188,37.83245301]]]},"full_name":"San Francisco, CA","name":"San Francisco","contained_within":[{"country_code":"US","place_type":"admin","url":"http:\/\/api.twitter.com\/1\/geo\/id\/fbd6d2f5a4e4a15e.json","country":"The United States of America","bounding_box":{"type":"Polygon","coordinates":[[[-124.482003,32.528832],[-114.131211,32.528832],[-114.131211,42.009517],[-124.482003,42.009517]]]},"attributes":{},"full_name":"California, US","name":"California","id":"fbd6d2f5a4e4a15e"}],"id":"5a110d312052166f"}]},"query":{"type":"search","url":"http:\/\/api.twitter.com\/1\/geo\/search.json?accuracy=0&query=&ip=74.125.19.104&autocomplete=false&granularity=neighborhood","params":{"accuracy":0,"ip":"74.125.19.104","query":"","autocomplete":false,"granularity":"neighborhood"}}}