{"statuses":[{"metadata":{"result_type":"recent","iso_language_code":"en"},"created_at":"Fri Dec 20 16:24:22 +0000 2013","id":414068770484019200,"id_str":"414068770484019200","text":"The Thumb Dumpsters #FreeBandNames","source":"\u003ca href=\"http:\/\/www.myplume.com\/\" rel=\"nofollow\"\u003ePlume\u00a0for\u00a0Android\u003c\/a\u003e","truncated":false,"in_reply_to_status_id":null,"in_reply_to_status_id_str":null,"in_reply_to_user_id":null,"in_reply_to_user_id_str":null,"in_reply_to_screen_name":null,"user":{"id":29296581,"id_str":"29296581","name":"Reboot","screen_name":"Just_Reboot","location":"NC","description":"G+ http:\/\/t.co\/MyXmhCAtnD\r\n#TeamKang PR, Attempted Writer, IT Tech, Social Media Berserker and Entertainer, Adjectives, Assertions, Disclaimers","url":null,"entities":{"description":{"urls":[{"url":"http:\/\/t.co\/MyXmhCAtnD","expanded_url":"http:\/\/goo.gl\/giVTc","display_url":"goo.gl\/giVTc","indices":[3,25]}]}},"protected":false,"followers_count":2244,"friends_count":435,"listed_count":60,"created_at":"Mon Apr 06 21:21:27 +0000 2009","favourites_count":79,"utc_offset":-18000,"time_zone":"Eastern Time (US & Canada)","geo_enabled":false,"verified":false,"statuses_count":27703,"lang":"en","contributors_enabled":false,"is_translator":false,"profile_background_color":"131516","profile_background_image_url":"http:\/\/a0.twimg.com\/profile_background_images\/871578268\/5db26751bf732750f5ca1ed4f9f59309.png","profile_background_image_url_https":"https:\/\/si0.twimg.com\/profile_background_images\/871578268\/5db26751bf732750f5ca1ed4f9f59309.png","profile_background_tile":true,"profile_image_url":"http:\/\/pbs.twimg.com\/profile_images\/378800000480531175\/93e8b5cb95a635ebb81302f5b6044a76_normal.jpeg","profile_image_url_https":"https:\/\/pbs.twimg.com\/profile_images\/378800000480531175\/93e8b5cb95a635ebb81302f5b6044a76_normal.jpeg","profile_banner_url":"https:\/\/pbs.twimg.com\/profile_banners\/29296581\/1368898490","profile_link_color":"009999","profile_sidebar_border_color":"FFFFFF","profile_sidebar_fill_color":"EFEFEF","profile_text_color":"333333","profile_use_background_image":true,"default_profile":false,"default_profile_image":false,"following":false,"follow_request_sent":false,"notifications":false},"geo":null,"coordinates":null,"place":null,"contributors":null,"retweet_count":0,"favorite_count":0,"entities":{"hashtags":[{"text":"FreeBandNames","indices":[20,34]}],"symbols":[],"urls":[],"user_mentions":[]},"favorited":false,"retweeted":false,"lang":"en"},{"metadata":{"result_type":"recent","iso_language_code":"en"},"created_at":"Fri Dec 20 05:23:19 +0000 2013","id":413902412236083201,"id_str":"413902412236083201","text":"The Shit Smelters #freebandnames","source":"web","truncated":false,"in_reply_to_status_id":null,"in_reply_to_status_id_str":null,"in_reply_to_user_id":null,"in_reply_to_user_id_str":null,"in_reply_to_screen_name":null,"user":{"id":41614761,"id_str":"41614761","name":"Grizzlam","screen_name":"mattyp90","location":"","description":"Chicago via Nashville via Memphis","url":null,"entities":{"description":{"urls":[]}},"protected":false,"followers_count":585,"friends_count":745,"listed_count":8,"created_at":"Thu May 21 16:05:09 +0000 2009","favourites_count":9873,"utc_offset":-21600,"time_zone":"Central Time (US & Canada)","geo_enabled":true,"verified":false,"statuses_count":13716,"lang":"en","contributors_enabled":false,"is_translator":false,"profile_background_color":"1A1B1F","profile_background_image_url":"http:\/\/abs.twimg.com\/images\/themes\/theme9\/bg.gif","profile_background_image_url_https":"https:\/\/abs.twimg.com\/images\/themes\/theme9\/bg.gif","profile_background_tile":false,"profile_image_url":"http:\/\/pbs.twimg.com\/profile_images\/378800000726393028\/b17facdd394b0992dad251e3cc6b3f60_normal.png","profile_image_url_https":"https:\/\/pbs.twimg.com\/profile_images\/378800000726393028\/b17facdd394b0992dad251e3cc6b3f60_normal.png","profile_banner_url":"https:\/\/pbs.twimg.com\/profile_banners\/41614761\/1375052004","profile_link_color":"2FC2EF","profile_sidebar_border_color":"181A1E","profile_sidebar_fill_color":"252429","profile_text_color":"666666","profile_use_background_image":true,"default_profile":false,"default_profile_image":false,"following":false,"follow_request_sent":false,"notifications":false},"geo":null,"coordinates":null,"place":null,"contributors":null,"retweet_count":0,"favorite_count":0,"entities":{"hashtags":[{"text":"freebandnames","indices":[18,32]}],"symbols":[],"urls":[],"user_mentions":[]},"favorited":false,"retweeted":false,"lang":"en"},{"metadata":{"result_type":"recent","iso_language_code":"en"},"created_at":"Tue Dec 17 17:04:32 +0000 2013","id":412991713435975680,"id_str":"412991713435975680","text":"Big yellow moon #skyatnight #freebandnames","source":"\u003ca href=\"http:\/\/twitter.com\/download\/android\" rel=\"nofollow\"\u003eTwitter for Android\u003c\/a\u003e","truncated":false,"in_reply_to_status_id":null,"in_reply_to_status_id_str":null,"in_reply_to_user_id":null,"in_reply_to_user_id_str":null,"in_reply_to_screen_name":null,"user":{"id":352463222,"id_str":"352463222","name":"Dean Weston","screen_name":"thehatsofdean","location":"Leicester","description":"Creative web designer & East Midlands hat wearer of the year 1993","url":"http:\/\/t.co\/l2Sn5tMK5W","entities":{"url":{"urls":[{"url":"http:\/\/t.co\/l2Sn5tMK5W","expanded_url":"http:\/\/www.deanweston.co.uk","display_url":"deanweston.co.uk","indices":[0,22]}]},"description":{"urls":[]}},"protected":false,"followers_count":37,"friends_count":68,"listed_count":0,"created_at":"Wed Aug 10 17:16:14 +0000 2011","favourites_count":5,"utc_offset":0,"time_zone":"London","geo_enabled":true,"verified":false,"statuses_count":914,"lang":"en","contributors_enabled":false,"is_translator":false,"profile_background_color":"EDE1B3","profile_background_image_url":"http:\/\/a0.twimg.com\/profile_background_images\/308734021\/twitter_bg.gif","profile_background_image_url_https":"https:\/\/si0.twimg.com\/profile_background_images\/308734021\/twitter_bg.gif","profile_background_tile":true,"profile_image_url":"http:\/\/pbs.twimg.com\/profile_images\/2796373361\/83a960755f87b2557a44da86a11da9e4_normal.png","profile_image_url_https":"https:\/\/pbs.twimg.com\/profile_images\/2796373361\/83a960755f87b2557a44da86a11da9e4_normal.png","profile_link_color":"993300","profile_sidebar_border_color":"ADA47E","profile_sidebar_fill_color":"D1C69D","profile_text_color":"333333","profile_use_background_image":true,"default_profile":false,"default_profile_image":false,"following":false,"follow_request_sent":false,"notifications":false},"geo":null,"coordinates":null,"place":null,"contributors":null,"retweet_count":0,"favorite_count":0,"entities":{"hashtags":[{"text":"skyatnight","indices":[16,27]},{"text":"freebandnames","indices":[28,42]}],"symbols":[],"urls":[],"user_mentions":[]},"favorited":false,"retweeted":false,"lang":"en"}],"search_metadata":{"completed_in":0.072,"max_id":414068770484019200,"max_id_str":"414068770484019200","query":"%23freebandnames","refresh_url":"?since_id=414068770484019200&q=%23freebandnames&include_entities=1","count":15,"since_id":0,"since_id_str":"0"}}