{"id":7505382,"id_str":"7505382","name":"Erik Michaels-Ober","screen_name":"sferik","location":"","description":"May contain forward-looking statements.","url":"https:\/\/t.co\/L2xIBazMPf","entities":{"url":{"urls":[{"url":"https:\/\/t.co\/L2xIBazMPf","expanded_url":"https:\/\/github.com\/sferik","display_url":"github.com\/sferik","indices":[0,23]}]},"description":{"urls":[]}},"protected":false,"followers_count":4051,"friends_count":361,"listed_count":238,"created_at":"Mon Jul 16 12:59:01 +0000 2007","favourites_count":8976,"utc_offset":3600,"time_zone":"Berlin","geo_enabled":true,"verified":false,"statuses_count":13844,"lang":"en","status":{"created_at":"Wed Mar 19 00:50:35 +0000 2014","id":446086297866993665,"id_str":"446086297866993665","text":"RT @AntonWSJ: Okean Elzy, #Ukraine's biggest rock band, performed in Berlin tonight amid many \"Glory to Ukraine!\" chants http:\/\/t.co\/dkIF8X\u2026","source":"\u003ca href=\"http:\/\/itunes.apple.com\/us\/app\/twitter\/id409789998?mt=12\" rel=\"nofollow\"\u003eTwitter for Mac\u003c\/a\u003e","truncated":false,"in_reply_to_status_id":null,"in_reply_to_status_id_str":null,"in_reply_to_user_id":null,"in_reply_to_user_id_str":null,"in_reply_to_screen_name":null,"geo":null,"coordinates":null,"place":null,"contributors":null,"retweeted_status":{"created_at":"Tue Mar 18 23:56:08 +0000 2014","id":446072592227909632,"id_str":"446072592227909632","text":"Okean Elzy, #Ukraine's biggest rock band, performed in Berlin tonight amid many \"Glory to Ukraine!\" chants http:\/\/t.co\/dkIF8XvFyw","source":"\u003ca href=\"http:\/\/www.apple.com\" rel=\"nofollow\"\u003eiOS\u003c\/a\u003e","truncated":false,"in_reply_to_status_id":null,"in_reply_to_status_id_str":null,"in_reply_to_user_id":null,"in_reply_to_user_id_str":null,"in_reply_to_screen_name":null,"geo":null,"coordinates":null,"place":null,"contributors":null,"retweet_count":4,"favorite_count":2,"entities":{"hashtags":[{"text":"Ukraine","indices":[12,20]}],"symbols":[],"urls":[],"user_mentions":[],"media":[{"id":446072592047538176,"id_str":"446072592047538176","indices":[107,129],"media_url":"http:\/\/pbs.twimg.com\/media\/BjDEqLkIAAAIpE4.jpg","media_url_https":"https:\/\/pbs.twimg.com\/media\/BjDEqLkIAAAIpE4.jpg","url":"http:\/\/t.co\/dkIF8XvFyw","display_url":"pic.twitter.com\/dkIF8XvFyw","expanded_url":"http:\/\/twitter.com\/AntonWSJ\/status\/446072592227909632\/photo\/1","type":"photo","sizes":{"medium":{"w":600,"h":450,"resize":"fit"},"large":{"w":1024,"h":768,"resize":"fit"},"thumb":{"w":150,"h":150,"resize":"crop"},"small":{"w":340,"h":255,"resize":"fit"}}}]},"favorited":true,"retweeted":true,"possibly_sensitive":false,"lang":"en"},"retweet_count":4,"favorite_count":0,"entities":{"hashtags":[{"text":"Ukraine","indices":[26,34]}],"symbols":[],"urls":[],"user_mentions":[{"screen_name":"AntonWSJ","name":"Anton Troianovski","id":76773876,"id_str":"76773876","indices":[3,12]}],"media":[{"id":446072592047538176,"id_str":"446072592047538176","indices":[139,140],"media_url":"http:\/\/pbs.twimg.com\/media\/BjDEqLkIAAAIpE4.jpg","media_url_https":"https:\/\/pbs.twimg.com\/media\/BjDEqLkIAAAIpE4.jpg","url":"http:\/\/t.co\/dkIF8XvFyw","display_url":"pic.twitter.com\/dkIF8XvFyw","expanded_url":"http:\/\/twitter.com\/AntonWSJ\/status\/446072592227909632\/photo\/1","type":"photo","sizes":{"medium":{"w":600,"h":450,"resize":"fit"},"large":{"w":1024,"h":768,"resize":"fit"},"thumb":{"w":150,"h":150,"resize":"crop"},"small":{"w":340,"h":255,"resize":"fit"}}}]},"favorited":true,"retweeted":true,"possibly_sensitive":false,"lang":"en"},"contributors_enabled":false,"is_translator":false,"is_translation_enabled":false,"profile_background_color":"000000","profile_background_image_url":"http:\/\/pbs.twimg.com\/profile_background_images\/677717672\/bb0b3653dcf0644e344823e0a2eb3382.png","profile_background_image_url_https":"https:\/\/pbs.twimg.com\/profile_background_images\/677717672\/bb0b3653dcf0644e344823e0a2eb3382.png","profile_background_tile":false,"profile_image_url":"http:\/\/pbs.twimg.com\/profile_images\/378800000757402331\/d8dfba561e2e94112a737f17e7d138ca_normal.jpeg","profile_image_url_https":"https:\/\/pbs.twimg.com\/profile_images\/378800000757402331\/d8dfba561e2e94112a737f17e7d138ca_normal.jpeg","profile_banner_url":"https:\/\/pbs.twimg.com\/profile_banners\/7505382\/1385736840","profile_link_color":"0084B4","profile_sidebar_border_color":"000000","profile_sidebar_fill_color":"DDEEF6","profile_text_color":"333333","profile_use_background_image":true,"default_profile":false,"default_profile_image":false,"following":false,"follow_request_sent":false,"notifications":false,"suspended":false,"needs_phone_verification":false}