{"friends":[488736931,311444249]}
{"created_at":"Wed Apr 06 19:13:37 +0000 2011","id":55709764298092545,"id_str":"55709764298092545","text":"The problem with your code is that it's doing exactly what you told it to do.","source":"\u003ca href=\"http:\/\/twitter.com\/download\/iphone\" rel=\"nofollow\"\u003eTwitter for iPhone\u003c\/a\u003e","truncated":false,"in_reply_to_status_id":null,"in_reply_to_status_id_str":null,"in_reply_to_user_id":null,"in_reply_to_user_id_str":null,"in_reply_to_screen_name":null,"user":{"id":7505382,"id_str":"7505382","name":"Erik Michaels-Ober","screen_name":"sferik","location":"San Francisco","description":"Write code. Not too much. Mostly Ruby.","url":"https:\/\/github.com\/sferik","entities":{"url":{"urls":[{"url":"https:\/\/github.com\/sferik","expanded_url":null,"indices":[0,25]}]},"description":{"urls":[]}},"protected":false,"followers_count":2479,"friends_count":200,"listed_count":132,"created_at":"Mon Jul 16 12:59:01 +0000 2007","favourites_count":4421,"utc_offset":-28800,"time_zone":"Pacific Time (US & Canada)","geo_enabled":true,"verified":false,"statuses_count":8730,"lang":"en","contributors_enabled":false,"is_translator":false,"profile_background_color":"000000","profile_background_image_url":"http:\/\/a0.twimg.com\/profile_background_images\/677717672\/bb0b3653dcf0644e344823e0a2eb3382.png","profile_background_image_url_https":"https:\/\/si0.twimg.com\/profile_background_images\/677717672\/bb0b3653dcf0644e344823e0a2eb3382.png","profile_background_tile":false,"profile_image_url":"http:\/\/a0.twimg.com\/profile_images\/1759857427\/image1326743606_normal.png","profile_image_url_https":"https:\/\/si0.twimg.com\/profile_images\/1759857427\/image1326743606_normal.png","profile_banner_url":"https:\/\/si0.twimg.com\/profile_banners\/7505382\/1349499693","profile_link_color":"0084B4","profile_sidebar_border_color":"000000","profile_sidebar_fill_color":"DDEEF6","profile_text_color":"333333","profile_use_background_image":true,"default_profile":false,"default_profile_image":false,"following":false,"follow_request_sent":false,"notifications":false},"geo":{"type":"Point","coordinates":[37.78349999,-122.39362884]},"coordinates":{"type":"Point","coordinates":[-122.39362884,37.78349999]},"place":{"id":"5c92ab5379de3839","url":"https:\/\/api.twitter.com\/1.1\/geo\/id\/5c92ab5379de3839.json","place_type":"neighborhood","name":"South Beach","full_name":"South Beach, San Francisco","country_code":"US","country":"United States","bounding_box":{"type":"Polygon","coordinates":[[[-122.403482,37.777529],[-122.387436,37.777529],[-122.387436,37.794486],[-122.403482,37.794486]]]},"attributes":{}},"contributors":null,"retweet_count":316,"entities":{"hashtags":[],"urls":[],"user_mentions":[]},"favorited":false,"retweeted":false}
{"direct_message":{"id":389327745617891328,"id_str":"389327745617891328","text":"hello bot","sender":{"id":10083602,"id_str":"10083602","name":"Adam Bird","screen_name":"adambird","location":"Nottingham, UK","url":"http:\/\/about.me\/adambird", "description":"CEO @onediaryapp, ex @esendex CTO and co-founder, still cycling","protected":false,"followers_count":1286,"friends_count":850,"listed_count":51,"created_at":"Fri Nov 09 00:35:12 +0000 2007","favourites_count":93,"utc_offset":3600,"time_zone":"London","geo_enabled":true,"verified":false,"statuses_count":13480,"lang":"en","contributors_enabled":false,"is_translator":false,"profile_background_color":"C0DEED","profile_background_image_url":"http:\/\/abs.twimg.com\/images\/themes\/theme1\/bg.png","profile_background_image_url_https":"https:\/\/abs.twimg.com\/images\/themes\/theme1\/bg.png","profile_background_tile":false,"profile_image_url":"http:\/\/a0.twimg.com\/profile_images\/378800000477232297\/23d85bb78f71534eea1e1133fb771f86_normal.jpeg","profile_image_url_https":"https:\/\/si0.twimg.com\/profile_images\/378800000477232297\/23d85bb78f71534eea1e1133fb771f86_normal.jpeg","profile_link_color":"0084B4","profile_sidebar_border_color":"C0DEED","profile_sidebar_fill_color":"DDEEF6","profile_text_color":"333333","profile_use_background_image":true,"default_profile":true,"default_profile_image":false,"following":false,"follow_request_sent":false,"notifications":false},"sender_id":10083602,"sender_id_str":"10083602","sender_screen_name":"adambird","recipient":{"id":1292911088,"id_str":"1292911088","name":"One Diary Bot","screen_name":"onediarybot","location":"","url":"http:\/\/www.onediary.com","description":"I'm the One Diary bot, here to help you with your life including personal cycling weather forecasts.","protected":false,"followers_count":113,"friends_count":148,"listed_count":1,"created_at":"Sat Mar 23 23:52:18 +0000 2013","favourites_count":0,"utc_offset":"","time_zone":"","geo_enabled":false,"verified":false,"statuses_count":7919,"lang":"en","contributors_enabled":false,"is_translator":false,"profile_background_color":"C0DEED","profile_background_image_url":"http:\/\/abs.twimg.com\/images\/themes\/theme1\/bg.png","profile_background_image_url_https":"https:\/\/abs.twimg.com\/images\/themes\/theme1\/bg.png","profile_background_tile":false,"profile_image_url":"http:\/\/a0.twimg.com\/profile_images\/3651575369\/090551d8dd92080198f707769239ff43_normal.jpeg","profile_image_url_https":"https:\/\/si0.twimg.com\/profile_images\/3651575369\/090551d8dd92080198f707769239ff43_normal.jpeg","profile_link_color":"0084B4","profile_sidebar_border_color":"C0DEED","profile_sidebar_fill_color":"DDEEF6","profile_text_color":"333333","profile_use_background_image":true,"default_profile":true,"default_profile_image":false,"following":false,"follow_request_sent":false,"notifications":false},"recipient_id":1292911088,"recipient_id_str":"1292911088","recipient_screen_name":"onediarybot","created_at":"Sun Oct 13 09:52:22 +0000 2013","entities":{"hashtags":[],"symbols":[],"urls":[],"user_mentions":[]}}}
{"event":"follow","source":{"id":10083602,"id_str":"10083602","name":"Adam Bird","screen_name":"adambird","location":"Nottingham, UK","url":"http://t.co/M1eaIKDQyz","description":"CEO @onediaryapp, ex @esendex CTO and co-founder, still cycling","protected":false,"followers_count":1295,"friends_count":850,"listed_count":53,"created_at":"Fri Nov 09 00:35:12 +0000 2007","favourites_count":93,"utc_offset":0,"time_zone":"London","geo_enabled":true,"verified":false,"statuses_count":13507,"lang":"en","contributors_enabled":false,"is_translator":false,"profile_background_color":"C0DEED","profile_background_image_url":"http://abs.twimg.com/images/themes/theme1/bg.png","profile_background_image_url_https":"https://abs.twimg.com/images/themes/theme1/bg.png","profile_background_tile":false,"profile_image_url":"http://pbs.twimg.com/profile_images/378800000477232297/23d85bb78f71534eea1e1133fb771f86_normal.jpeg","profile_image_url_https":"https://pbs.twimg.com/profile_images/378800000477232297/23d85bb78f71534eea1e1133fb771f86_normal.jpeg","profile_link_color":"0084B4","profile_sidebar_border_color":"C0DEED","profile_sidebar_fill_color":"DDEEF6","profile_text_color":"333333","profile_use_background_image":true,"default_profile":true,"default_profile_image":false,"following":false,"follow_request_sent":false,"notifications":false},"target":{"id":1292911088,"id_str":"1292911088","name":"One Diary Bot","screen_name":"onediarybot","location":null,"url":"http://t.co/etHGc0xHX4","description":"I'm the One Diary bot, here to help you with your life including personal cycling weather forecasts.","protected":false,"followers_count":123,"friends_count":157,"listed_count":1,"created_at":"Sat Mar 23 23:52:18 +0000 2013","favourites_count":0,"utc_offset":null,"time_zone":null,"geo_enabled":false,"verified":false,"statuses_count":9637,"lang":"en","contributors_enabled":false,"is_translator":false,"profile_background_color":"C0DEED","profile_background_image_url":"http://abs.twimg.com/images/themes/theme1/bg.png","profile_background_image_url_https":"https://abs.twimg.com/images/themes/theme1/bg.png","profile_background_tile":false,"profile_image_url":"http://pbs.twimg.com/profile_images/3651575369/090551d8dd92080198f707769239ff43_normal.jpeg","profile_image_url_https":"https://pbs.twimg.com/profile_images/3651575369/090551d8dd92080198f707769239ff43_normal.jpeg","profile_link_color":"0084B4","profile_sidebar_border_color":"C0DEED","profile_sidebar_fill_color":"DDEEF6","profile_text_color":"333333","profile_use_background_image":true,"default_profile":true,"default_profile_image":false,"following":false,"follow_request_sent":false,"notifications":false},"created_at":"Sun Oct 27 20:35:25 +0000 2013"}
{"delete":{"status":{"id":272691609211117568,"user_id":478569062,"id_str":"272691609211117568","user_id_str":"478569062","deleted":true}}}
{"warning":{"code":"FALLING_BEHIND","message":"Your connection is falling behind and messages are being queued for delivery to you. Your queue is now over 60% full. You will be disconnected when the queue is full.","percent_full":60}}
