{"created_at":"Wed Apr 06 19:13:37 +0000 2011","id":55709764298092545,"id_str":"55709764298092545","text":"The problem with your code is that it's doing exactly what you told it to do.","source":"\u003ca href=\"http:\/\/twitter.com\/download\/iphone\" rel=\"nofollow\"\u003eTwitter for iPhone\u003c\/a\u003e","truncated":false,"in_reply_to_status_id":null,"in_reply_to_status_id_str":null,"in_reply_to_user_id":null,"in_reply_to_user_id_str":null,"in_reply_to_screen_name":null,"user":{"id":7505382,"id_str":"7505382","name":"Erik Michaels-Ober","screen_name":"sferik","location":"San Francisco","description":"Write code. Not too much. Mostly Ruby.","url":"https:\/\/github.com\/sferik","entities":{"url":{"urls":[{"url":"https:\/\/github.com\/sferik","expanded_url":null,"indices":[0,25]}]},"description":{"urls":[]}},"protected":false,"followers_count":2479,"friends_count":200,"listed_count":132,"created_at":"Mon Jul 16 12:59:01 +0000 2007","favourites_count":4421,"utc_offset":-28800,"time_zone":"Pacific Time (US & Canada)","geo_enabled":true,"verified":false,"statuses_count":8730,"lang":"en","contributors_enabled":false,"is_translator":false,"profile_background_color":"000000","profile_background_image_url":"http:\/\/a0.twimg.com\/profile_background_images\/677717672\/bb0b3653dcf0644e344823e0a2eb3382.png","profile_background_image_url_https":"https:\/\/si0.twimg.com\/profile_background_images\/677717672\/bb0b3653dcf0644e344823e0a2eb3382.png","profile_background_tile":false,"profile_image_url":"http:\/\/a0.twimg.com\/profile_images\/1759857427\/image1326743606_normal.png","profile_image_url_https":"https:\/\/si0.twimg.com\/profile_images\/1759857427\/image1326743606_normal.png","profile_banner_url":"https:\/\/si0.twimg.com\/profile_banners\/7505382\/1349499693","profile_link_color":"0084B4","profile_sidebar_border_color":"000000","profile_sidebar_fill_color":"DDEEF6","profile_text_color":"333333","profile_use_background_image":true,"default_profile":false,"default_profile_image":false,"following":false,"follow_request_sent":false,"notifications":false},"geo":{"type":"Point","coordinates":[37.78349999,-122.39362884]},"coordinates":{"type":"Point","coordinates":[-122.39362884,37.78349999]},"place":{"id":"5c92ab5379de3839","url":"https:\/\/api.twitter.com\/1.1\/geo\/id\/5c92ab5379de3839.json","place_type":"neighborhood","name":"South Beach","full_name":"South Beach, San Francisco","country_code":"US","country":"United States","bounding_box":{"type":"Polygon","coordinates":[[[-122.403482,37.777529],[-122.387436,37.777529],[-122.387436,37.794486],[-122.403482,37.794486]]]},"attributes":{}},"contributors":null,"retweet_count":316,"entities":{"hashtags":[],"urls":[],"user_mentions":[]},"favorited":false,"retweeted":false}
{"created_at":"Wed Apr 06 19:13:37 +0000 2011","id":55709764298092545,"id_str":"55709764298092545","text":"The problem with your code is that it's doing exactly what you told it to do.","source":"\u003ca href=\"http:\/\/twitter.com\/download\/iphone\" rel=\"nofollow\"\u003eTwitter for iPhone\u003c\/a\u003e","truncated":false,"in_reply_to_status_id":null,"in_reply_to_status_id_str":null,"in_reply_to_user_id":null,"in_reply_to_user_id_str":null,"in_reply_to_screen_name":null,"user":{"id":7505382,"id_str":"7505382","name":"Erik Michaels-Ober","screen_name":"sferik","location":"San Francisco","description":"Write code. Not too much. Mostly Ruby.","url":"https:\/\/github.com\/sferik","entities":{"url":{"urls":[{"url":"https:\/\/github.com\/sferik","expanded_url":null,"indices":[0,25]}]},"description":{"urls":[]}},"protected":false,"followers_count":2479,"friends_count":200,"listed_count":132,"created_at":"Mon Jul 16 12:59:01 +0000 2007","favourites_count":4421,"utc_offset":-28800,"time_zone":"Pacific Time (US & Canada)","geo_enabled":true,"verified":false,"statuses_count":8730,"lang":"en","contributors_enabled":false,"is_translator":false,"profile_background_color":"000000","profile_background_image_url":"http:\/\/a0.twimg.com\/profile_background_images\/677717672\/bb0b3653dcf0644e344823e0a2eb3382.png","profile_background_image_url_https":"https:\/\/si0.twimg.com\/profile_background_images\/677717672\/bb0b3653dcf0644e344823e0a2eb3382.png","profile_background_tile":false,"profile_image_url":"http:\/\/a0.twimg.com\/profile_images\/1759857427\/image1326743606_normal.png","profile_image_url_https":"https:\/\/si0.twimg.com\/profile_images\/1759857427\/image1326743606_normal.png","profile_banner_url":"https:\/\/si0.twimg.com\/profile_banners\/7505382\/1349499693","profile_link_color":"0084B4","profile_sidebar_border_color":"000000","profile_sidebar_fill_color":"DDEEF6","profile_text_color":"333333","profile_use_background_image":true,"default_profile":false,"default_profile_image":false,"following":false,"follow_request_sent":false,"notifications":false},"geo":{"type":"Point","coordinates":[37.78349999,-122.39362884]},"coordinates":{"type":"Point","coordinates":[-122.39362884,37.78349999]},"place":{"id":"5c92ab5379de3839","url":"https:\/\/api.twitter.com\/1.1\/geo\/id\/5c92ab5379de3839.json","place_type":"neighborhood","name":"South Beach","full_name":"South Beach, San Francisco","country_code":"US","country":"United States","bounding_box":{"type":"Polygon","coordinates":[[[-122.403482,37.777529],[-122.387436,37.777529],[-122.387436,37.794486],[-122.403482,37.794486]]]},"attributes":{}},"contributors":null,"retweet_count":316,"entities":{"hashtags":[],"urls":[],"user_mentions":[]},"favorited":false,"retweeted":false}

