{"users":[{"show_all_inline_media":true,"time_zone":"Pacific Time (US & Canada)","favourites_count":727,"description":"Adventures in hunger and foolishness.","contributors_enabled":false,"profile_sidebar_fill_color":"DDEEF6","followers_count":897,"geo_enabled":true,"notifications":false,"profile_use_background_image":true,"profile_sidebar_border_color":"C0DEED","verified":false,"url":null,"follow_request_sent":false,"profile_background_image_url":"http:\/\/a3.twimg.com\/profile_background_images\/162641967\/we_concept_bg2.png","lang":"en","created_at":"Mon Jul 16 12:59:01 +0000 2007","profile_background_color":"000000","location":"San Francisco","profile_background_tile":false,"protected":false,"profile_image_url":"http:\/\/a0.twimg.com\/profile_images\/323331048\/me_normal.jpg","profile_text_color":"333333","name":"Erik Michaels-Ober","listed_count":28,"following":false,"friends_count":88,"screen_name":"sferik","id":7505382,"id_str":"7505382","statuses_count":2964,"utc_offset":-28800,"profile_link_color":"0084B4"}], "next_cursor":1322801608223717003, "previous_cursor":0, "next_cursor_str":"1322801608223717003", "previous_cursor_str":"0"}